"advertiserId";"programmeName";"conversionRate";"approvalRate";"epc";"launchDate";"paymentStatus";"paymentRiskLevel";"awinIndex";"feedEnabled";"productReporting";"commissionMin";"commissionMax";"leadMin";"leadMax";"cookieLength";"parentSectors";"subSectors";"primarySector";"averagePaymentTime";"primaryRegion";"descriptionShort";"logoUrl";"displayUrl"
"122836";"Farmácias Indiana BR";"10.4806";"94.28";"0.52";"2026-02-23";"amber";"exposurelevel2";"79.1449";"no";"no";"0";"0";"0";"0";"30";"";"";"";"64";"BR";"A Farmácia Indiana é uma rede brasileira de farmácias que oferece medicamentos, produtos de saúde, beleza e bem-estar com atendimento próximo e preços competitivos.";"https://ui.awin.com/images/upload/merchant/profile/122836.png";"https://www.farmaciaindiana.com.br/"
"109198";"Giuliana Flores BR";"3.21946";"85.23";"0.19";"2025-02-20";"amber";"exposurelevel2";"0";"yes";"no";"0";"0";"0";"0";"30";"Retail & Shopping";"Gifts & Flowers|Home & Garden";"Gifts & Flowers";"104";"BR";"A empresa Giuliana Flores está no mercado floral a mais de duas décadas. Fundada em 1990 nossa empresa é a maior floricultura do Brasil e da América Latina, referência para quem procura produtos que agreguem elegância e bom gosto.";"https://ui.awin.com/images/upload/merchant/profile/109198.png";"https://www.giulianaflores.com.br/"
"100453";"Casa Tema BR";"11.63";"98.43";"8.26";"2024-08-26";"amber";"exposurelevel2";"74.451";"yes";"no";"0";"0";"0";"0";"30";"Retail & Shopping";"Department Stores|Furniture & Soft Furnishings";"Department Stores";"105";"BR";"Atualmente a Casatema é a primeira loja online do Brasil especializada na venda de ambientes completos infantis, juvenis e de bebês.";"https://ui.awin.com/images/upload/merchant/profile/100453.png";"https://www.casatema.com.br/"
"123238";"Afiliados Galícia Educação";"5.71429";"100.00";"2.61";"2026-01-12";"amber";"exposurelevel2";"78.3088";"yes";"no";"0";"0";"0";"0";"30";"Telco's & Services";"Education Training & Recruitment";"Education, Training & Recruitment";"null";"BR";"Promova MBAs e Certificações de elite com aplicação prática via Inteligência Artificial. Alta conversão e ticket médio atrativo. Junte-se à revolução da educação executiva e monetize sua audiência com a Galicia Educação.";"https://ui.awin.com/images/upload/merchant/profile/123238.png";"https://gestao.galiciaeducacao.com.br"
"17884";"Grupo A BR";"10.9454";"92.65";"0.84";"2020-06-15";"amber";"exposurelevel2";"89.1089";"yes";"yes";"0";"0";"0";"0";"60";"Retail & Shopping";"Books & Subscriptions";"Books & Subscriptions";"59";"BR";"O Grupo A está preparado para ajudar pessoas e instituições a encontrarem respostas para os desafios da educação.";"https://ui.awin.com/images/upload/merchant/profile/17884.png";"https://loja.grupoa.com.br/"
"17912";"Dentro da Historia BR";"5.61335";"86.73";"0.67";"2020-08-03";"amber";"exposurelevel2";"79.3751";"no";"no";"0";"0";"0";"0";"30";"Retail & Shopping";"Books & Subscriptions";"Books & Subscriptions";"59";"BR";"A editora Dentro da Historia é um e-commerce infantil formada por experientes designers, professores, nerds e profissionais de comunicação.que buscam fazer um produto único que crie uma incrível  jornada de socialização e identificação para crianças,pais";"https://ui.awin.com/images/upload/merchant/profile/17912.png";"https://www.dentrodahistoria.com.br"
"124520";"Guess BR";"7.43271";"57.45";"4.20";"2026-04-28";"amber";"exposurelevel2";"63.0368";"yes";"yes";"0";"0";"0";"0";"30";"Retail & Shopping";"Clothing|Clothing Accessories|Womenswear";"Clothing";"null";"BR";"A Guess é uma marca global de moda conhecida por seu estilo jovem, sensual e contemporâneo, especialmente em jeans, roupas e acessórios.";"https://ui.awin.com/images/upload/merchant/profile/124520.png";"https://www.guessbrasil.com.br/"
"124930";"Ivan Joias BR";"25";"25.00";"4.90";"2026-03-25";"amber";"exposurelevel2";"35.74";"yes";"yes";"0";"0";"0";"0";"30";"";"";"";"null";"BR";"Ivan Joias é uma joalheria brasileira com presença nos principais shoppings de Salvador e e-commerce nacional.Trabalhamos com joias em ouro 18k, prata e relógios premium.";"https://ui.awin.com/images/upload/merchant/profile/124930.png";"https://www.ivanjoias.com.br/"
"119291";"DAIKIN AR CONDICIONADO BRASIL LTDA.";"";"0.00";"0.00";"2026-06-17";"amber";"exposurelevel2";"0";"no";"yes";"0";"0";"0";"0";"30";"Retail & Shopping";"White Goods";"White Goods";"null";"BR";"A Daikin é uma multinacional japonesa especializada em ar-condicionado, climatização,refrigeração, aquecimento, purificação do ar e tecnologias HVAC (Heating, Ventilation and Air Conditioning).";"https://ui.awin.com/images/upload/merchant/profile/119291.png";"https://loja.daikin.com.br/"
"30599";"Stanley BR";"5.41566";"93.07";"1.59";"2022-06-22";"green";"none";"70.1224";"yes";"no";"0";"0";"0";"0";"30";"Retail & Shopping";"Gifts & Flowers";"Gifts & Flowers";"44";"BR";"A Stanley é uma marca de produtos térmicos que oferece uma ampla gama de equipamentos de alta qualidade. São opções ideais para qualquer momento, seja no escritório ou em viagens de aventura.";"https://ui.awin.com/images/upload/merchant/profile/30599.png";"https://www.stanley1913.com.br/"
"17823";"Locaweb BR";"5.64341";"86.52";"2.70";"2020-07-27";"amber";"exposurelevel2";"66.1823";"no";"no";"0";"0";"0.06";"0.06";"30";"Telco's & Services";"B2B Utility Services|Business Services (B2B)|Internet Service Provider|Utilities|Web Hosting";"Web Hosting";"71";"BR";"Líder em hospedagem de sites, a Locaweb é a empresa mais completa em soluções de tecnologia do Brasil.";"https://ui.awin.com/images/upload/merchant/profile/17823.png";"https://www.locaweb.com.br/"
"17858";"Electrolux BR";"8.64082";"94.24";"1.48";"2020-05-26";"amber";"exposurelevel2";"58.5313";"yes";"yes";"0";"0";"0";"0";"30";"Retail & Shopping";"White Goods";"White Goods";"85";"BR";"Líder mundial em eletrodomésticos e aparelhos de uso profissional, a Electrolux vende anualmente mais de 50 milhões de produtos em 150 países, o que equivale a dois eletro­domésticos comercializados por segundo, todos os dias do ano.";"https://ui.awin.com/images/upload/merchant/profile/17858.png";"https://loja.electrolux.com.br/"
"96499";"Ottocast";"3.98496";"85.37";"0.23";"2025-06-30";"green";"none";"48.4226";"yes";"yes";"0";"0";"0";"0";"45";"Retail & Shopping";"Automotive";"Automotive";"70";"US";"Ottocast offers top-tier CarPlay/Android Auto wireless adapters and CarPlay AI Boxes. With expert design, reliable quality, and global support, we welcome affiliates worldwide—no regional limits, just seamless car tech and trusted service.";"https://ui.awin.com/images/upload/merchant/profile/96499.png";"https://www.ottocast.com"
"61233";"Earfun, Inc";"4.91544";"100.00";"0.27";"2025-06-26";"green";"none";"80.6096";"yes";"yes";"0";"0";"0";"0";"30";"Finance & Insurance|Retail & Shopping|Telco's & Services|Travel";"Property|Computers|Electronic Accessories|FMCG|Gadgets|Music & DVD|Office Supplies|PC & Video Games|Utilities|Airlines|Tourism & Attractions";"Gadgets";"35";"US";"EarFun was founded in 2018 and is dedicated to the development of professional audio products. It has won many industry awards in the past 6 years. Join our affiliate program, make a win-win cooperation.";"https://ui.awin.com/images/upload/merchant/profile/61233.png";"https://www.myearfun.com"
"116721";"Aerow Chip Virtual BR";"1.08525";"100.00";"0.23";"2025-07-03";"amber";"exposurelevel2";"63.4415";"no";"yes";"0";"0";"0";"0";"30";"Telco's & Services";"Mobile Broadband";"Mobile Broadband";"91";"BR";"Apresentamos a Aerow, a plataforma que une tecnologia e mobilidade para transformar a forma como viajamos. Com conectividade global via eSIM, suporte em tempo real e um app completo, o Aerow oferece uma experiência de viagem sem barreiras.";"https://ui.awin.com/images/upload/merchant/profile/116721.png";"https://aerow.app/pt-BR"
"126139";"FansJerseyHub";"8.63761";"77.42";"0.48";"2026-04-20";"amber";"exposurelevel1";"82.8577";"no";"yes";"0";"0";"0";"0";"30";"";"Childrenswear|Clothing|Clothing Accessories|DIY|Group Buying|Menswear|Sports Equipment|Sportswear|Womenswear";"Sportswear";"null";"US";"High-converting football-inspired apparel brand built for affiliate profit. World Cup 2026 demand, competitive pricing, and strong social traffic. Exclusive coupons and TikTok-ready creatives boost conversions. 15 years focused on football apparel.";"https://ui.awin.com/images/upload/merchant/profile/126139.png";"https://fansjerseyhub1.com/"
"69428";"Ultrahuman Healthcare";"1.72073";"35.89";"0.46";"2025-07-21";"green";"none";"24.5841";"yes";"yes";"0";"0";"0";"0";"45";"Retail & Shopping";"Sports Equipment";"Sports Equipment";"69";"US";"Join Ultrahuman's Affiliate Program and shape the Future of Actionable Health Tracking!    The Ultrahuman Ring AIR offers advanced insights into your sleep quality, HRV, skin temperature, movement, and stress, without requiring a subscription.";"https://ui.awin.com/images/upload/merchant/profile/69428.png";"https://www.ultrahuman.com/"
"51277";"Trocafy BR";"2.21148";"62.63";"2.86";"2023-05-18";"green";"none";"44.0165";"yes";"no";"0";"0";"0";"0";"30";"Retail & Shopping";"Gadgets";"Gadgets";"61";"BR";"A Trocafy opera como uma plataforma online para a compra, venda e troca de produtos usados. O objetivo principal da empresa é proporcionar uma experiência conveniente e segura para que as pessoas possam negociar itens seminovos.";"https://ui.awin.com/images/upload/merchant/profile/51277.png";"https://www.trocafy.com.br/"
"17835";"Fotoregistro BR";"6.69055";"67.45";"0.59";"2020-08-28";"green";"none";"61.1001";"no";"no";"0";"0";"0";"0";"30";"Retail & Shopping";"Gifts & Flowers|Photography|Photos & Print Services";"Photos & Print Services";"42";"BR";"O FotoRegistro, parte do grupo Digipix, é uma loja online que possibilita a preservação de suas memórias de maneira criativa e inovadora.";"https://ui.awin.com/images/upload/merchant/profile/17835.png";"https://www.fotoregistro.com.br/"
"23385";"Emma BR";"0.25";"71.79";"2.13";"2022-03-08";"amber";"exposurelevel2";"32.7674";"yes";"no";"0";"0";"0";"0";"30";"Retail & Shopping";"Furniture & Soft Furnishings|Home & Garden";"Furniture & Soft Furnishings";"194";"BR";"Nascida na Alemanha e presente no Brasil desde 2019, a Emma é uma empresa que tem como missão proporcionar a melhor experiência de descanso para os nossos clientes. Nosso colchão Emma Original é o colchão mais premiado da Europa. Faça parte dessa missão.";"https://ui.awin.com/images/upload/merchant/profile/23385.png";"https://www.colchoesemma.com.br/"
"17665";"Carrefour BR";"3.24655";"87.30";"1.13";"2020-08-21";"green";"none";"64.6442";"no";"yes";"1.7";"1.7";"0";"0";"3";"Retail & Shopping";"Department Stores";"Department Stores";"49";"BR";"O Carrefour é o Hipermercado Número 1 da Europa e o maior varejista alimentar do Brasil. O Grupo Carrefour está presente na vida de mais de 100 milhões de consumidores da Europa, Ásia e América Latina.";"https://ui.awin.com/images/upload/merchant/profile/17665.png";"https://www.carrefour.com.br/"
"78382";"Panasonic BR";"4.08191";"80.20";"1.29";"2024-10-22";"green";"none";"64.9663";"yes";"no";"0";"0";"0";"0";"30";"Retail & Shopping";"Home & Garden|White Goods";"White Goods";"43";"BR";"Tudo pra sua casa com qualidade, economia e design de ponta.";"https://ui.awin.com/images/upload/merchant/profile/78382.png";"https://loja.panasonic.com.br/"
"106763";"Shark-Ninja BR";"4.54821";"92.27";"4.96";"2024-12-05";"green";"none";"71.2305";"yes";"no";"0";"0";"0";"0";"30";"Retail & Shopping";"Electronic Accessories|Health & Beauty";"Health & Beauty";"44";"BR";"Na Shark-Ninja fabricamos e distribuímos produtos inovadores para cuidados com o cabelo, limpeza doméstica e pequenos eletrodomésticos inovadores para facilitar sua vida todos os dias.";"https://ui.awin.com/images/upload/merchant/profile/106763.png";"https://www.sharkninjabrasil.com.br"
"33061";"LG BR";"1.46207";"83.67";"1.47";"2022-11-22";"amber";"exposurelevel4";"52.5952";"yes";"yes";"0";"0";"0";"0";"30";"Retail & Shopping";"Audio Visual|Computers|Electronic Accessories|Electronic Superstore|Office Supplies|White Goods";"White Goods";"92";"BU";"LG Home Appliance  Air Solution is a world leader in home appliances, smart home solutions, air conditioning and air treatment solutions, and visionary products powered by LG ThinQ AI.";"https://ui.awin.com/images/upload/merchant/profile/33061.png";"https://www.lg.com/br"
"115463";"Gigantec BR";"3.99596";"77.86";"1.91";"2025-08-04";"green";"none";"62.5572";"yes";"yes";"0";"0";"0";"0";"30";"Retail & Shopping";"Computers|Electronic Superstore";"Electronic Superstore";"44";"BR";"A Gigantec é um e-commerce de tecnologia, parte do ecossistema da ""Fagundez Tecnologia"". Com mais de 3 mil produtos e ""Ofertas Geniais”, oferecemos comissões atrativas, materiais promocionais e suporte para quem quer lucrar com tecnologia.";"https://ui.awin.com/images/upload/merchant/profile/115463.png";"https://www.gigantec.com.br/"
"126151";"OneBioShop_International";"";"0.00";"0.00";"2026-05-04";"amber";"exposurelevel4";"0";"no";"no";"0";"0";"0";"0";"30";"Retail & Shopping";"Health & Beauty";"Health & Beauty";"null";"IT";"OneBioShop is a leading Italian parafarmacy e-commerce, active since 2018, with over 180,000 SKUs across health, wellness, and natural products. We offer worldwide shipping with DDP terms and DGR-certified logistics.";"https://ui.awin.com/images/upload/merchant/profile/126151.png";"https://onebioshop.com/en/"
"47165";"Drogaria Venancio BR";"16.8709";"95.64";"3.70";"2023-03-30";"green";"none";"76.0756";"no";"yes";"0";"0";"0";"0";"30";"Retail & Shopping";"Health & Beauty|Pharmaceuticals";"Pharmaceuticals";"43";"BR";"A Drogaria Venancio, desde 1979, atua oferecendo serviços e produtos, baseados em três principais pilares: saúde, beleza e bem-estar. Dessa forma, oferecendo o melhor atendimento, variedade de produtos e fazendo a diferença na vida de tantas pessoas, a";"https://ui.awin.com/images/upload/merchant/profile/47165.png";"https://www.drogariavenancio.com.br/"
"34947";"Xcaret Global";"3.39356";"77.19";"1.15";"2022-11-09";"amber";"exposurelevel4";"57.5791";"no";"yes";"0";"0";"0";"0";"30";"Travel";"Hotels & Accommodation|Tourism & Attractions";"Tourism & Attractions";"179";"MX";"Since 1990, Xcaret has been an icon in the Cancun - Riviera Maya area.Our 8 different Eco-Theme Parks surrounded by nature allow visitors to enjoy several activities.";"https://ui.awin.com/images/upload/merchant/profile/34947.png";"https://www.xcaret.com/es/parques-en-cancun/"
"107039";"Hope Lingerie BR";"9.13473";"86.86";"2.53";"2025-05-28";"green";"none";"70.4764";"no";"yes";"0";"0";"0";"0";"30";"Retail & Shopping";"Lingerie";"Lingerie";"43";"BR";"A HOPE Lingerie é uma marca brasileira de moda íntima fundada em 1966 por Nissim Hara, no bairro do Brás, em São Paulo. Com mais de cinco décadas de história, a HOPE consolidou-se como referência no segmento, destacando-se por sua inovação.";"https://ui.awin.com/images/upload/merchant/profile/107039.png";"https://hopeoficial.com.br/"
"79974";"Lojas Benoit BR";"11.0269";"94.65";"3.03";"2024-05-15";"amber";"exposurelevel2";"84.8969";"yes";"no";"0";"0";"0";"0";"30";"Retail & Shopping";"White Goods";"White Goods";"62";"BR";"As Lojas Benoit são uma rede varejista conhecida no sul do Brasil, especializada em eletrodomésticos e móveis. Com mais de setenta anos de história, destacam-se pela variedade de produtos, preços competitivos e compromisso com o atendimento ao cliente.";"https://ui.awin.com/images/upload/merchant/profile/79974.png";"https://www.benoit.com.br/"
"119649";"Ropo BR";"14.2242";"83.54";"9.78";"2025-11-19";"amber";"exposurelevel2";"76.573";"no";"yes";"0";"0";"0";"0";"30";"Retail & Shopping";"Gadgets";"Gadgets";"71";"BR";"A Ropo é uma marca brasileira que, desde 2010, oferece tecnologia de ponta em robôs de limpeza, purificadores, desumidificadores e automação residencial. Une inovação, bem-estar e design para transformar sua casa com praticidade e cuidado inteligente.";"https://ui.awin.com/images/upload/merchant/profile/119649.png";"https://www.ropo.com.br/"
"127377";"VIVÃO - TELECOM BR";"";"0.00";"0.00";"2026-05-27";"amber";"exposurelevel2";"0";"no";"yes";"0";"0";"0";"0";"30";"Telco's & Services";"Internet Service Provider";"Internet Service Provider";"null";"BR";"A Vivão é uma marca de telecomunicações no Brasil, focada em oferecer planos e soluções de conectividade com bom custo-benefício, praticidade e ofertas competitivas para o público brasileiro.";"https://ui.awin.com/images/upload/merchant/profile/127377.png";"https://vivao.com.br/"
"119233";"Sem Parar BR";"1.66386";"36.59";"0.67";"2026-03-16";"amber";"exposurelevel2";"31.5272";"no";"yes";"0";"0";"0";"0";"30";"Retail & Shopping";"Automotive";"Automotive";"78";"BR";"Sem Parar: 100% dos pedágios, estacionamentos e abastecimento. Conte com seguros e assistência auto sem burocracia. Com o Sem Parar, tá feito!";"https://ui.awin.com/images/upload/merchant/profile/119233.png";"https://www.semparar.com.br"
"61287";"Reserva BR";"4.23701";"89.99";"0.86";"2024-04-08";"amber";"exposurelevel2";"70.1535";"no";"yes";"0";"0";"0";"0";"7";"Retail & Shopping";"Childrenswear|Clothing|Menswear|Shoes|Womenswear";"Clothing";"84";"BR";"Reserva é uma marca de alta moda e streetwear brasileira, criada em 2004 e desde então desenvolve itens de moda masculina que prezam pela qualidade e conforto.";"https://ui.awin.com/images/upload/merchant/profile/61287.png";"https://www.usereserva.com/"
"114180";"Sinocare";"4.81336";"73.13";"0.13";"2025-03-21";"amber";"exposurelevel4";"53.0674";"yes";"no";"0";"0";"0";"0";"30";"Retail & Shopping";"FMCG|Gadgets|Green (Eco friendly)|Health & Beauty|Lead Gen|Pharmaceuticals|Sports Equipment";"Health & Beauty";"78";"ES";"Sinocare is a leading provider of blood glucose monitoring devices, helping millions manage their health worldwide. By partnering with us, you help your audience access reliable, high-quality health monitoring products while growing your revenue.";"https://ui.awin.com/images/upload/merchant/profile/114180.png";"https://en.sinocare.com/"
"117985";"OQVESTIR BR";"2.57208";"65.14";"1.03";"2025-07-16";"amber";"exposurelevel2";"51.322";"yes";"yes";"0";"0";"0";"0";"15";"Retail & Shopping";"Clothing";"Clothing";"71";"BR";"OQVestir é o primeiro e-commerce de moda do Brasil, fundado em 2009. Com mais de 15 anos de mercado e curadoria especializada, oferece diariamente um catálogo com mais de 300 marcas nacionais e internacionais, nos segmentos feminino, masculino, calçados e";"https://ui.awin.com/images/upload/merchant/profile/117985.png";"https://www.oqvestir.com.br/"
"119869";"Lojas Lebes BR";"2.27875";"82.19";"2.95";"2025-11-25";"amber";"exposurelevel2";"60.8938";"no";"no";"0";"0";"0";"0";"30";"";"";"";"77";"BR";"A Lebes é uma das maiores redes de varejo do Sul do Brasil, fundada em 1956. Com mais de 300 lojas distribuídas nos estados do Rio Grande do Sul, Santa Catarina e Paraná, a empresa atua nos segmentos de moda, móveis, eletrodomésticos, eletrônicos e serviç";"https://ui.awin.com/images/upload/merchant/profile/119869.png";"https://www.lebes.com.br/"
"111310";"Phyto (BR)";"6.27451";"47.06";"2.05";"2025-02-17";"amber";"exposurelevel2";"0";"no";"yes";"0";"0";"0";"0";"30";"Retail & Shopping";"Health & Beauty";"Health & Beauty";"null";"BR";"Desde 1969 cuidando da saúde do ecossistema capilar através do poder das plantas, a PHYTO trata o seu cabelo da raiz às pontas, com produtos com em média 95% de ingredientes naturais.";"https://ui.awin.com/images/upload/merchant/profile/111310.png";"https://www.phytoparis.com.br/"
"124920";"Loja Ybera BR";"4.79213";"100.00";"1.00";"2026-04-02";"amber";"exposurelevel2";"89.2259";"yes";"yes";"0";"0";"0";"0";"30";"Retail & Shopping";"Health & Beauty";"Health & Beauty";"52";"BR";"A Ybera se consolidou como uma das marcas mais reconhecidas do mundo em tratamentos capilares profissionais e nasceu com o propósito de criar produtos que unissem tecnologia, performance e cuidado real com os fios.";"https://ui.awin.com/images/upload/merchant/profile/124920.png";"https://www.lojaybera.com.br/"
"107702";"Clovis Calçados BR";"3.81547";"97.50";"0.60";"2024-11-28";"amber";"exposurelevel2";"56.4182";"yes";"yes";"0";"0";"0";"0";"30";"Retail & Shopping";"Shoes";"Shoes";"61";"BR";"Na Clovis Calçados você encontra: Calçados Femininos, Calçados Masculinos, Calçados Infantis Femininos, Calçados Infantis Masculinos e acessórios diversos.Oferecemos variedade de produtos e marcas com qualidade, preço baixo e entrega rápida.";"https://ui.awin.com/images/upload/merchant/profile/107702.png";"https://www.clovis.com.br/"
"82935";"UniqPaid.com";"0.591716";"0.43";"0.01";"2025-08-12";"green";"none";"0";"no";"yes";"0";"0";"0";"0";"30";"Retail & Shopping";"Lead Gen";"Lead Gen";"null";"US";"UniqPaid.com - Online Rewards Program! Our members earn Real Cash by Signing Up for Free Offers, Visiting sites, Reading Emails, Shoping Online and more... We pay $1.50 per new user who signs up and confirms his e-mail. The member must complete";"https://ui.awin.com/images/upload/merchant/profile/82935.png";"https://www.uniqpaid.com"
"84621";"OUI BR";"2.12918";"89.36";"0.89";"2024-11-13";"green";"none";"0";"yes";"no";"0";"0";"0";"0";"30";"Retail & Shopping";"Health & Beauty";"Health & Beauty";"52";"BR";"A O.U.i Paris é uma marca de alta perfumaria do Grupo Boticário, criada em parceria com perfumistas e designers franceses. A marca é inspirada na cidade de Paris, conhecida por suas fragrâncias icônicas, e tem como objetivo enaltecer o estilo de vida dos";"https://ui.awin.com/images/upload/merchant/profile/84621.png";"https://www.ouiparis.com/"
"17891";"Loccitane en Provence BR";"3.36279";"90.84";"1.40";"2020-06-10";"green";"none";"68.3818";"yes";"no";"0";"0";"0";"0";"30";"Retail & Shopping";"Health & Beauty";"Health & Beauty";"46";"BR";"L'Occitane é uma marca que transmite o estilo de vida do Mediterrâneo e as tradições provençais em produtos de alta-qualidade.";"https://ui.awin.com/images/upload/merchant/profile/17891.png";"https://br.loccitane.com/"
"23093";"Temptation Experience (US)";"0.512519";"80.65";"0.32";"2021-05-24";"green";"none";"36.8345";"no";"yes";"0";"0";"0";"0";"365";"Travel";"Airlines|Cruises/Ferries|Hotels & Accommodation|Lead Gen|Travel Agencies";"Hotels & Accommodation";"513";"US";"Why Partner With Us?High CommissionsEarn 5% commission on every sale — transparent, competitive, and built to scale with your performance.Exceptional Earnings PotentialOur affiliates benefit from an average order value (AOV) of $2,650 USD.";"https://ui.awin.com/images/upload/merchant/profile/23093.png";"https://www.temptation-experience.com/?affiliate=4371&partner=10250"
"17762";"Madeira Madeira BR";"6.63897";"86.69";"1.26";"2021-08-10";"amber";"exposurelevel2";"65.1109";"no";"yes";"0";"0";"0";"0";"30";"Retail & Shopping";"Department Stores";"Department Stores";"74";"BR";"Loja de móveis e construção";"https://ui.awin.com/images/upload/merchant/profile/17762.png";"https://www.madeiramadeira.com.br/"
"30275";"Luuna BR";"1.07717";"55.13";"0.68";"2022-06-30";"green";"none";"0";"yes";"no";"0";"0";"0";"0";"30";"Retail & Shopping";"Home & Garden";"Home & Garden";"128";"BR";"Faça parte da família Luuna e participe do nosso programa de afiliados. Use sua voz para nos ajudar a promover um bom descanso e um melhor despertar em todo o Brasil. Juntos vamos mudar a qualidade do descanso, passo a passo, detalhe por detalhe.";"https://ui.awin.com/images/upload/merchant/profile/30275.png";"https://www.luuna.com.br/"
"17659";"oBoticario BR";"0.00500927";"92.06";"0.83";"2020-05-07";"green";"none";"0";"yes";"yes";"0";"0";"0";"0";"30";"Retail & Shopping";"Health & Beauty";"Health & Beauty";"43";"BR";"O Boticário é uma rede de franquias de cosméticos e perfumes brasileira. Seus principais produtos são fragrâncias, cremes e produtos para maquiagem.";"https://ui.awin.com/images/upload/merchant/profile/17659.png";"https://www.boticario.com.br/"
"17837";"Eudora BR";"2.67876";"78.16";"1.04";"2020-05-05";"green";"none";"0";"yes";"no";"0";"0";"0";"0";"30";"Retail & Shopping";"Health & Beauty";"Health & Beauty";"42";"BR";"Eudora é uma marca feminina com diversos tipos de produtos como: perfumes, maquiagem, acessórios, cabelos, corpo e banho.";"https://ui.awin.com/images/upload/merchant/profile/17837.png";"https://www.eudora.com.br"
"114398";"Descorcha BR";"2.41634";"81.91";"0.83";"2025-08-13";"amber";"exposurelevel2";"39.3611";"yes";"yes";"0";"0";"0";"0";"30";"Retail & Shopping";"Wine Spirits & Tobacco";"Wine, Spirits & Tobacco";"100";"BR";"Com uma proposta inovadora e apaixonada pelo mundo do vinho, a Descorcha nasceu para aproximar os brasileiros do universo da Concha y Toro, uma das vinícolas mais renomadas da América Latina.";"https://ui.awin.com/images/upload/merchant/profile/114398.png";"https://descorcha.com/br/"
"17697";"Dafiti BR";"1.98183";"81.97";"0.27";"2020-08-31";"amber";"exposurelevel2";"38.8976";"yes";"yes";"0";"0";"0.01";"0.01";"30";"Retail & Shopping";"Childrenswear|Clothing|Clothing Accessories|Menswear|Shoes|Sportswear|Womenswear|Baby & Toddler";"Clothing";"137";"BR";"A Dafiti é uma loja virtual que chegou ao mercado para transformar essa vontade em realidade, oferecendo aos consumidores uma variedade incrível de itens como, calçados femininos e masculinos, roupas, acessórios e bolsas.";"https://ui.awin.com/images/upload/merchant/profile/17697.png";"https://www.dafiti.com.br/"
"79926";"Adidas BR";"1.47315";"81.55";"0.53";"2024-09-20";"green";"none";"51.5578";"yes";"no";"0";"0";"0";"0";"30";"Retail & Shopping";"Childrenswear|Clothing|Menswear|Shoes|Sports Equipment|Sportswear|Womenswear";"Sportswear";"56";"BR";"A adidas é mais do que roupas de treino e esportivas. Temos collabs com os melhores para criar em conjunto. Assim, podemos oferecer roupas esportivas aos nossos torcedores e atletas, além de looks que tem tudo a ver com eles.";"https://ui.awin.com/images/upload/merchant/profile/79926.png";"https://www.adidas.com.br/"
"17729";"Kabum BR";"2.3529";"73.23";"1.49";"2020-08-24";"green";"none";"50.7893";"yes";"yes";"0";"0";"0";"0";"1";"Retail & Shopping";"Electronic Accessories|Electronic Superstore";"Electronic Superstore";"58";"BR";"Fundado no ano de 2003, o KaBuM! é um dos pioneiros no comércio eletrônico brasileiro e é a maior referência brasileira do varejo on-line no segmento especializado de informática e eletrônicos.";"https://ui.awin.com/images/upload/merchant/profile/17729.png";"https://www.kabum.com.br/"
"19675";"Continental BR";"4.12037";"95.00";"0.57";"2020-06-24";"amber";"exposurelevel2";"52.9271";"yes";"yes";"0";"0";"0";"0";"30";"Retail & Shopping";"White Goods";"White Goods";"82";"BR";"Desde 2017, a marca Continental passou a fazer parte do Grupo Electrolux, o que nos traz grande alegria. Trata-se de uma marca conhecida por milhões de famílias brasileiras, de várias gerações.";"https://ui.awin.com/images/upload/merchant/profile/19675.png";"https://www.continentalbrasil.com.br/"
"25539";"Samsung BR";"0.00400048";"59.53";"0.01";"2021-10-13";"amber";"exposurelevel2";"26.7926";"yes";"yes";"0";"0";"0";"0";"1";"Retail & Shopping";"Audio Visual|Electronic Accessories|Electronic Superstore|White Goods";"Electronic Superstore";"129";"BR";"Samsung é mundialmente conhecida por sua excelência e diversidade tecnológica. Consolidada, a marca vem ditando as inovações do setor tecnológico; reafirmando sua popularidade mundo afora.";"https://ui.awin.com/images/upload/merchant/profile/25539.png";"https://shop.samsung.com/br/desconto-samsung"
"121392";"Aramis BR";"5.89723";"89.37";"2.49";"2025-11-24";"green";"none";"66.3608";"no";"yes";"0";"0";"0";"0";"30";"Retail & Shopping";"Clothing";"Clothing";"57";"BR";"A Aramis é uma marca brasileira de moda masculina que se destaca pelo estilo moderno, sofisticado e de alta qualidade, focada em um lifestyle completo para o homem contemporâneo.";"https://ui.awin.com/images/upload/merchant/profile/121392.png";"https://www.aramis.com.br/"
"112756";"Lacoste BR";"5.32256";"79.50";"1.87";"2025-05-22";"green";"none";"66.6193";"no";"yes";"0";"0";"0";"0";"30";"Retail & Shopping";"Clothing|Clothing Accessories";"Clothing";"41";"BR";"A Lacoste é uma marca francesa de moda fundada em 1933 por René Lacoste e André Gillier, reconhecida mundialmente por seu icônico logotipo do crocodilo.";"https://ui.awin.com/images/upload/merchant/profile/112756.png";"https://www.lacoste.com/br/"
"108626";"Arno BR";"5.25482";"91.61";"1.87";"2025-02-25";"green";"none";"72.0014";"yes";"yes";"0";"0";"0";"0";"30";"Retail & Shopping";"Home & Garden|White Goods";"Home & Garden";"44";"BR";"Com mais de 80 anos de tradição, a Arno é uma marca que se destaca pela inovação e qualidade de seus produtos.";"https://ui.awin.com/images/upload/merchant/profile/108626.png";"https://www.arno.com.br/"
"71273";"Outlet de Passagens BR";"4.43891";"90.50";"0.30";"2024-10-03";"amber";"exposurelevel2";"45.192";"no";"no";"0";"0";"0";"0";"30";"Travel";"Tourism & Attractions|Travel Agencies";"Tourism & Attractions";"133";"BR";"O Outlet de Passagens é um site de vendas de passagens rodoviárias para quem tem flexibilidade na hora de viajar e quer pagar pouco na passagem, oferecemos até 50% de desconto na passagem viajando com as principais empresas do Brasil com total segurança.";"https://ui.awin.com/images/upload/merchant/profile/71273.png";"https://www.outletdepassagens.com.br/"
"106747";"Alianças Imperiais BR";"9.79553";"69.57";"2.35";"2024-10-30";"amber";"exposurelevel2";"80.6681";"yes";"no";"0";"0";"0";"0";"30";"Retail & Shopping";"Jewellery";"Jewellery";"29";"BR";"Desde 2012 realizando sonhos, somos o maior ecommerce de alianças de moedas antigas e prata do Brasil, alianças de casamento, anéis de noivado e formatura.";"https://ui.awin.com/images/upload/merchant/profile/106747.png";"https://www.aliancasimperiais.com.br/"
"17748";"eclock BR";"5.84711";"85.33";"2.23";"2020-07-14";"amber";"exposurelevel2";"44.4701";"yes";"yes";"0";"0";"0";"0";"30";"Retail & Shopping";"Clothing Accessories";"Clothing Accessories";"102";"BR";"A Eclock é uma empresa do Grupo Estrela de Ouro Jóias. Um grupo que nasceu há 16 anos com o sonho de dois irmãos de transformar o pequeno comércio de seu pai em uma das maiores empresas da cidade.";"https://ui.awin.com/images/upload/merchant/profile/17748.png";"https://www.eclock.com.br"
"123584";"Manual BR";"1.90461";"58.07";"1.53";"2026-02-12";"amber";"exposurelevel2";"41.5222";"no";"yes";"0";"0";"0";"0";"30";"Retail & Shopping";"Health & Beauty";"Health & Beauty";"74";"BR";"MANUAL é uma marca dedicada ao bem‑estar masculino. Oferecemos soluções, informações e ferramentas práticas para que todo homem possa cuidar da saúde de forma proativa e viver com mais equilíbrio, vitalidade e felicidade.";"https://ui.awin.com/images/upload/merchant/profile/123584.png";"https://www.manual.com.br"
"124568";"Osang BR";"";"0.00";"0.00";"2026-03-09";"amber";"exposurelevel2";"0";"no";"no";"0";"0";"0";"0";"30";"";"";"";"null";"BR";"Multinacional coreana especialista em curadoria de marcas e produtos de skincare e K-Beauty. Qualidade, eficácia e tecnologia com pronta entrega no Brasil. A curadoria é nossa, o brilho é seu! Faça parte do nosso Programa de Afiliados.";"https://ui.awin.com/images/upload/merchant/profile/124568.png";"https://osangcosmetic.com/"
"46269";"Hipervarejo BR";"5.24225";"91.45";"1.53";"2023-04-18";"amber";"exposurelevel2";"71.213";"no";"no";"0";"0";"0";"0";"30";"Retail & Shopping";"Automotive";"Automotive";"61";"BR";"Somos uma loja online apaixonada por carros, caminhões e motos.Nosso foco é oferecer o melhor em autopeças, pneus e acessórios para você e seu veículo.Temos como missão garantir que a sua experiência na Hipervarejo seja perfeita. Para isso, vivemos em";"https://ui.awin.com/images/upload/merchant/profile/46269.png";"https://hipervarejo.com.br"
"64654";"Ferramentas Kennedy BR";"9.47865";"91.61";"1.82";"2023-10-02";"amber";"exposurelevel2";"77.5519";"yes";"no";"0";"0";"0";"0";"15";"Retail & Shopping";"Department Stores|Gadgets|Home & Garden";"Department Stores";"42";"BR";"A Ferramentas Kennedy se consagra no mercado das ferramentas, máquinas e equipamentos para diversos segmentos, desde 1995. Possuem mais de 35.000 itens disponíveis no e-commerce e prezam pelo atendimento eficiente e personalizado.";"https://ui.awin.com/images/upload/merchant/profile/64654.png";"https://www.ferramentaskennedy.com.br/"
"17619";"Forever Liss BR";"4.70866";"59.83";"0.39";"2020-05-12";"amber";"exposurelevel2";"46.3362";"yes";"no";"0";"0";"0";"0";"30";"Retail & Shopping";"Health & Beauty";"Health & Beauty";"94";"BR";"A Forever Liss Professional, empresa especializada em desenvolver produtos Profissionais para Cabelo, alia tecnologia e resultado oferecendo tratamento de alto desempenho com qualidade segurança que trazem sempre uma solução para os profissionais.";"https://ui.awin.com/images/upload/merchant/profile/17619.png";"https://www.foreverliss.com.br"
"30511";"Lego BR";"2.87154";"94.18";"1.59";"2022-08-01";"green";"none";"68.078";"yes";"yes";"0";"0";"0";"0";"30";"Retail & Shopping";"Gifts & Flowers|Toys & Games|Baby & Toddler";"Toys & Games";"47";"BR";"A casa oficial das peças de construção de brinquedo com links para produtos, jogos, vídeos, Loja LEGO®, história da LEGO, criações de fãs e nosso centro.";"https://ui.awin.com/images/upload/merchant/profile/30511.png";"https://www.lego.com.br/"
"41828";"WEMOBI BR";"8.9169";"98.00";"0.54";"2023-03-06";"amber";"exposurelevel2";"61.0717";"no";"no";"0";"0";"0";"0";"30";"Travel";"Tourism & Attractions|Travel Agencies";"Tourism & Attractions";"116";"BR";"A wemobi é uma plataforma de viagens 100% digital, da compra ao embarque, que chegou para transformar a experiência de mobilidade no Brasil, descomplicando a forma de viajar e tornando as viagens rodoviárias mais simples, seguras, confortáveis e econômica";"https://ui.awin.com/images/upload/merchant/profile/41828.png";"https://www.wemobi.me/"
"120992";"Melhor Seguro BR";"18.9245";"100.00";"11.84";"2026-01-06";"amber";"exposurelevel2";"84.1844";"no";"yes";"0";"0";"0";"0";"30";"Finance & Insurance";"Insurance";"Insurance";"78";"BR";"O Melhor Seguro é um comparador de seguro viagem que reúne as principais seguradoras do mercado em um só lugar. Com poucos cliques, você encontra ofertas especiais e soluções para viajar com tranquilidade e segurança.";"https://ui.awin.com/images/upload/merchant/profile/120992.png";"https://melhorseguro.com.br/"
"74062";"PM3 BR";"4.89473";"100.00";"9.81";"2025-05-13";"amber";"exposurelevel2";"50.8755";"no";"yes";"0";"0";"0";"0";"30";"Telco's & Services";"Education Training & Recruitment";"Education, Training & Recruitment";"76";"BR";"PM3, a escola referência em negócios e produtos digitais. Conectamos mais de 25 mil alunos através de cursos, atividades ao vivo, conteúdos aprofundados e a maior comunidade de Negócios e Produto digital do Brasil.";"https://ui.awin.com/images/upload/merchant/profile/74062.png";"https://www.cursospm3.com.br/"
"127319";"BizzBox";"";"0.00";"0.00";"2026-06-02";"amber";"exposurelevel4";"0";"no";"no";"0";"0";"0";"0";"30";"Telco's & Services";"Business Services (B2B)|Education Training & Recruitment|Entertainment Downloads";"Business Services (B2B)";"null";"US";"BizzBox.ai is the all-in-one AI-powered platform built by founders, for founders. Replace 25+ business tools with one affordable subscription across HR, finance, marketing, legal, sales, productivity and AI, helping SMBs save time, reduce costs, and scale";"https://ui.awin.com/images/upload/merchant/profile/127319.png";"https://www.bizzbox.ai/"
"85419";"Adcos BR";"3.9188";"85.99";"0.48";"2024-07-11";"green";"none";"63.3288";"yes";"no";"0";"0";"0";"0";"30";"Retail & Shopping";"Health & Beauty";"Health & Beauty";"81";"BR";"Os dermocosméticos da ADCOS são produtos compostos de substâncias e ativadores essenciais para efeitos de anti-idade, diminuição da flacidez, das manchas na pele, para renovação da pele facial e das acnes.";"https://ui.awin.com/images/upload/merchant/profile/85419.png";"https://www.lojaadcos.com.br/"
"76888";"Doce Beleza BR";"1.19237";"100.00";"6.72";"2024-04-30";"amber";"exposurelevel2";"46.8642";"no";"yes";"0";"0";"0";"0";"30";"Retail & Shopping";"Health & Beauty";"Health & Beauty";"72";"BR";"A Doce Beleza Cosméticos é um e-commerce criado em 2007 visando atender as necessidades dos clientes mais exigentes do mercado de cosméticos e pessoas apaixonadas por cuidados com o cabelo.";"https://ui.awin.com/images/upload/merchant/profile/76888.png";"https://www.docebeleza.com.br/"
"17727";"Phooto BR";"8.17571";"88.69";"0.60";"2020-07-30";"amber";"exposurelevel2";"68.8111";"no";"no";"0";"0";"0";"0";"30";"Retail & Shopping";"Gifts & Flowers|Photography|Photos & Print Services";"Photography";"74";"BR";"Phooto presta serviços com praticidade, rapidez e qualidade na hora de produzir impressões.";"https://ui.awin.com/images/upload/merchant/profile/17727.png";"https://www.phooto.com.br/"
"102459";"Decolar BR";"";"0.00";"0.00";"2025-05-12";"amber";"exposurelevel2";"0";"no";"yes";"0";"0";"0";"0";"30";"Travel";"Airlines|Car Rental|Hotels & Accommodation|Tourism & Attractions|Travel Agencies";"Travel Agencies";"166";"BR";"Decolar.com é a maior agência de viagem da América Latina. Nosso site oferece serviços completos de viagem: vôos em oferta, hotéis, pacotes turísticos, aluguel de carros, entre outros serviços turísticos. Desde 1999, mais de 1.500.000 pessoas compraram su";"https://ui.awin.com/images/upload/merchant/profile/102459.png";"https://www.decolar.com/"
"17634";"Posthaus BR";"6.25885";"88.74";"1.65";"2020-08-17";"green";"none";"69.0251";"yes";"no";"0";"0";"1.7";"1.7";"30";"Retail & Shopping";"Clothing|Clothing Accessories|Shoes";"Clothing";"46";"BR";"Um grande Portal de moda com mais de 20.000 itens de marcas nacionais e internacionais para você e sua família.";"https://ui.awin.com/images/upload/merchant/profile/17634.png";"https://www.posthaus.com.br"
"65292";"DeÔnibus BR";"9.02887";"87.40";"1.11";"2024-01-22";"green";"none";"70.4714";"no";"no";"0";"0";"0";"0";"1";"Travel";"Tourism & Attractions|Travel Agencies";"Travel Agencies";"44";"BR";"DeÔnibus é um marketplace de viagens rodoviárias com milhares de destinos e centenas de viações em um só lugar. Contam com um time aplicado que trabalha todos os dias para oferecer o melhor serviço, seja por e-mail, whatsapp ou pelas redes sociais.";"https://ui.awin.com/images/upload/merchant/profile/65292.png";"https://deonibus.com/"
"109298";"Legale Lover BR";"3.55993";"37.88";"0.71";"2025-01-22";"green";"none";"47.3439";"yes";"no";"0";"0";"0";"0";"30";"Telco's & Services";"Education Training & Recruitment";"Education, Training & Recruitment";"46";"BR";"A Legale é uma instituição com mais de 20 anos de história. Oferecemos centenas de cursos e pós online em todas as áreas do Direito. Contribua para a formação de futuros juristas e operadores do Direito.";"https://ui.awin.com/images/upload/merchant/profile/109298.png";"https://www.legale.com.br"
"70963";"Calzedonia BR";"8.49755";"96.30";"1.42";"2024-02-14";"green";"none";"75.9727";"yes";"no";"0";"0";"0";"0";"30";"Retail & Shopping";"Childrenswear|Menswear|Womenswear";"Womenswear";"43";"BR";"A Calzedonia é uma renomada loja de moda íntima  que se destaca por oferecer produtos de alta qualidade, design inovador e estilo contemporâneo.";"https://ui.awin.com/images/upload/merchant/profile/70963.png";"https://www.calzedonia.com.br/"
"38988";"Cama In Box BR";"11.1584";"87.34";"10.29";"2023-01-10";"amber";"exposurelevel2";"86.3328";"no";"yes";"0";"0";"0";"0";"30";"Retail & Shopping";"Furniture & Soft Furnishings|Home & Garden";"Home & Garden";"66";"BR";"A Cama Inbox é uma empresa especializada em colchões, estofados e cama box. A empresa é referência de indústrias do segmento de Móveis Estofados, oferecendo grande variedade de produtos com excelente qualidade.";"https://ui.awin.com/images/upload/merchant/profile/38988.png";"https://www.camainbox.com.br/"
"119883";"Havaianas BR";"";"0.00";"0.00";"2025-12-16";"green";"none";"0";"no";"yes";"0";"0";"0";"0";"30";"Retail & Shopping";"Shoes";"Shoes";"44";"BR";"A Havaianas é uma marca brasileira icônica de sandálias de borracha, reconhecida mundialmente por seu estilo casual, colorido e associado ao lifestyle descontraído do Brasil.";"https://ui.awin.com/images/upload/merchant/profile/119883.png";"https://havaianas.com.br/"
"64086";"Pague Menos BR";"15.2922";"80.11";"1.54";"2023-11-21";"green";"none";"57.5361";"no";"no";"0";"0";"0";"0";"14";"Retail & Shopping";"Health & Beauty|Pharmaceuticals";"Health & Beauty";"57";"BR";"A Pague Menos é uma renomada rede de farmácias no Brasil, oferecendo uma extensa variedade de produtos farmacêuticos, itens de higiene pessoal e beleza. A empresa se destaca por sua presença nacional, tanto física quanto online.";"https://ui.awin.com/images/upload/merchant/profile/64086.png";"https://www.paguemenos.com.br/"
"30615";"Spicy BR";"6.57511";"82.69";"2.93";"2022-06-20";"green";"none";"63.4114";"yes";"yes";"0";"0";"0";"0";"30";"Retail & Shopping";"Department Stores|Home & Garden|White Goods";"Home & Garden";"46";"BR";"Hoje quando pensamos em Cozinha, Mesa e Bar é impossível não pensar em Spicy. Spicy mantém o objetivo de selecionar e trazer o melhor em utensílios domésticos.";"https://ui.awin.com/images/upload/merchant/profile/30615.png";"https://www.spicy.com.br/"
"117697";"Hoteis.com BR";"3.29221";"83.18";"1.51";"2025-08-06";"amber";"exposurelevel2";"58.874";"no";"no";"0";"0";"0";"0";"7";"";"";"";"127";"BR";"Hotels.com is a global accommodation booking platform that offers a wide range of hotels, resorts, and lodging options worldwide, with exclusive benefits and a loyalty program for its users.";"https://ui.awin.com/images/upload/merchant/profile/117697.png";"https://www.hoteis.com/"
"28773";"ArtWalk BR";"5.82162";"87.35";"2.12";"2022-06-06";"amber";"exposurelevel2";"54.0073";"no";"no";"0";"0";"0";"0";"15";"Retail & Shopping";"Shoes";"Shoes";"89";"BR";"Especialistas em tênis. Uma das maiores redes de lojas de calçados do Brasil. Atualmente estamos presentes nos melhores shoppings de todo o Brasil.";"https://ui.awin.com/images/upload/merchant/profile/28773.png";"https://www.artwalk.com.br/"
"17824";"Compra Certa BR";"2.02411";"91.68";"1.47";"2020-08-27";"green";"none";"52.7626";"yes";"yes";"0";"0";"0";"0";"14";"Retail & Shopping";"Computers|Department Stores|Electronic Accessories|Electronic Superstore|Furniture & Soft Furnishings|Gadgets|Home & Garden|PC & Video Games|White Goods|Wine Spirits & Tobacco";"White Goods";"60";"BR";"Compra Certa é Um clube de compras exclusivas para clientes e funcionários de empresas parceiras, com descontos em produtos Brastemp, Consul e KitchenAid direto da fábrica e com ofertas garantidas.";"https://ui.awin.com/images/upload/merchant/profile/17824.png";"https://www.compracerta.com.br"
"17770";"Wine BR";"2.59624";"97.85";"0.71";"2020-08-20";"amber";"exposurelevel2";"68.0355";"yes";"no";"0";"0";"3.5";"3.5";"1";"Retail & Shopping";"Wine Spirits & Tobacco";"Wine, Spirits & Tobacco";"79";"BR";"A Wine é uma das maiores lojas de comércio eletrônico de vinhos. Está apta a entregar em todas as regiões do país e conta com um sistema integrado de distribuição.";"https://ui.awin.com/images/upload/merchant/profile/17770.png";"https://www.wine.com.br/"
"31355";"iPlace BR";"2.23938";"84.01";"1.23";"2022-08-10";"green";"none";"62.8342";"yes";"no";"0";"0";"0";"0";"30";"Retail & Shopping";"Electronic Accessories|Gadgets";"Electronic Accessories";"44";"BR";"Reconhecidas pela qualidade, simplicidade e inovação ligados a marca, as lojas oferecem o mais alto padrão de atendimento, com consultores especializados e um ambiente preparado para você interagir com os produtos e ter a melhor experiência Apple.";"https://ui.awin.com/images/upload/merchant/profile/31355.png";"https://www.iplace.com.br/"
"124878";"WAU";"";"0.00";"0.00";"2026-03-12";"amber";"exposurelevel4";"0";"yes";"no";"0";"0";"0";"0";"30";"";"Health & Beauty";"Health & Beauty";"null";"GB";"WAU Global is a premium beauty and health tech brand offering innovative, professional-grade devices for face, body, and hair care at home. Partner with us to earn a highly competitive 15% commission on our top-converting products with a strong $300 (AOV)";"https://ui.awin.com/images/upload/merchant/profile/124878.png";"https://wauglobal.com/"
"17652";"Nike BR";"1.70373";"80.05";"0.77";"2020-07-23";"green";"none";"55.8043";"yes";"yes";"5.87";"5.87";"0";"0";"7";"Retail & Shopping";"Sportswear";"Sportswear";"46";"BR";"A Nike é uma das principais marcas esportivas do mundo. Agora você pode rentabilizar o seu site divulgando os nossos produtos!";"https://ui.awin.com/images/upload/merchant/profile/17652.png";"https://www.nike.com.br"
"84989";"Compra Direta Empresas BR";"5.90383";"94.35";"4.28";"2024-09-16";"green";"none";"71.4558";"no";"yes";"0";"0";"0";"0";"30";"Retail & Shopping";"White Goods";"White Goods";"38";"BR";"O Compra Direta Empresas é o canal de vendas corporativas da Whirlpool Corporation, líder mundial em eletrodomésticos para cozinha e lavanderia. A companhia atua no Brasil através das marcas Brastemp, Consul e KitchenAid.";"https://ui.awin.com/images/upload/merchant/profile/84989.png";"https://www.compradiretaempresas.com.br/"
"78586";"Needs No Label";"4.52546";"49.46";"0.06";"2024-07-10";"amber";"exposurelevel1";"40.1218";"yes";"no";"0";"0";"0";"0";"30";"Retail & Shopping";"Womenswear";"Womenswear";"118";"GB";"Needs No Label offers women affordable clothing in current styles, created from quality fabric. With a focus on gorgeous prints and timeless shapes, we hope our styles become staples in your wardrobes!";"https://ui.awin.com/images/upload/merchant/profile/78586.png";"https://www.needsnolabel.com/"
"126693";"Exypna";"";"0.00";"0.00";"2026-05-13";"amber";"exposurelevel2";"0";"yes";"no";"0";"0";"0";"0";"30";"Retail & Shopping";"Health & Beauty";"Health & Beauty";"null";"BR";"Exypna is an energy drink brand created for people seeking more focus, energy and performance in their daily routine. With a modern identity and bold flavor, Exypna delivers an energetic experience for sports, work and lifestyle moments.";"https://ui.awin.com/images/upload/merchant/profile/126693.png";"https://exypna.com.br/"
"124582";"Cellfy BR";"18.6205";"88.57";"13.18";"2026-04-09";"amber";"exposurelevel2";"89.8422";"yes";"yes";"0";"0";"0";"0";"30";"Retail & Shopping";"Electronic Accessories|Gadgets|PC & Video Games";"Electronic Accessories";"null";"BR";"Somos a ponte entre você e o que há de mais inovador no mundo gamer e tech - conte com o grupo Cellfy!";"https://ui.awin.com/images/upload/merchant/profile/124582.png";"https://www.cellfy.com.br/"
"107484";"Seazone BR";"14.7436";"94.00";"7.25";"2025-09-15";"amber";"exposurelevel2";"66.3588";"no";"no";"0";"0";"0";"0";"30";"Travel";"Hotels & Accommodation";"Hotels & Accommodation";"80";"BR";"Seu lugar fora de casa. Alugue pelo tempo que quiser, sem burocracia, com segurança e 100% digital.";"https://ui.awin.com/images/upload/merchant/profile/107484.png";"https://seazone.com.br/"
"120918";"Allugator BR";"0.763065";"32.12";"0.59";"2026-01-07";"amber";"exposurelevel2";"38.608";"no";"yes";"0";"0";"0";"0";"30";"Retail & Shopping";"Computers|Electronic Accessories|Gadgets";"Gadgets";"46";"BR";"A allu acredita que você pode ter acesso a tudo que quer, sem precisar ter todo aquele dinheiro pra comprar. E daí surgiu o modelo de assinatura: você escolhe o produto que deseja alugar e a forma como quer pagar.";"https://ui.awin.com/images/upload/merchant/profile/120918.png";"https://www.allugator.com/"
"121604";"Bemol BR";"2.53884";"81.25";"1.04";"2025-12-02";"amber";"exposurelevel2";"65.2058";"no";"yes";"0";"0";"0";"0";"30";"Retail & Shopping";"Department Stores";"Department Stores";"72";"BR";"A Bemol é uma das maiores redes de varejo da Região Norte, oferecendo uma ampla variedade de produtos de eletrônicos e eletrodomésticos a itens para o lar — com forte presença física e digital.";"https://ui.awin.com/images/upload/merchant/profile/121604.png";"https://www.bemol.com.br/"
"119873";"Box Magenta BR";"7.06983";"100.00";"1.63";"2025-11-04";"amber";"exposurelevel2";"69.5658";"no";"yes";"0";"0";"0";"0";"30";"Retail & Shopping";"Health & Beauty";"Health & Beauty";"88";"BR";"Uma assinatura, um clube, uma experiência de beleza ultra personalizada. Para todas as pessoas que amam esse universo, adoram testar coisas novas e querem descobrir novas versões delas mesmas. Todo mês, são 5 produtos full-size perfeitos pra você.";"https://ui.awin.com/images/upload/merchant/profile/119873.png";"https://boxmagenta.com.br/"
"126515";"Radiale Pneus";"";"0.00";"0.00";"2026-06-09";"amber";"exposurelevel2";"0";"yes";"no";"0";"0";"0";"0";"30";"Retail & Shopping";"Automotive";"Automotive";"null";"BR";"A Radiale é um e-commerce de pneus que oferece compra simples, confiável e transparente em todo o Brasil. Possui programa de afiliados com 5% de comissão sobre vendas de alto valor (pneus de carro comprados geralmente em 2 ou 4 unidades).";"https://ui.awin.com/images/upload/merchant/profile/126515.png";"https://radiale.com.br"
"17608";"Central Ar BR";"2.97567";"73.41";"3.25";"2020-07-21";"green";"none";"59.0021";"yes";"no";"0";"0";"0";"0";"1";"Retail & Shopping";"Home & Garden|White Goods";"White Goods";"51";"BR";"Com mais de 33 anos de história e líder de vendas do segmento no e-commerce brasileiro, a Central Ar é campeã em vendas e distribuição de condicionadores de ar para todo o Brasil.";"https://ui.awin.com/images/upload/merchant/profile/17608.png";"https://www.centralar.com.br/"
"17668";"Shopclub BR";"7.33976";"93.05";"1.49";"2020-07-20";"amber";"exposurelevel2";"54.6926";"yes";"yes";"0";"0";"0";"0";"30";"Retail & Shopping";"Department Stores";"Department Stores";"88";"BR";"O Shopclub é uma plataforma de venda de produtos Electrolux, tendo preços exclusivos e compra do produto direto da fábrica.";"https://ui.awin.com/images/upload/merchant/profile/17668.png";"https://www.shopclub.com.br"
"122752";"Gran Cursos BR";"";"0.00";"0.00";"2026-02-25";"amber";"exposurelevel2";"0";"no";"yes";"0";"0";"0";"0";"7";"Telco's & Services";"Education Training & Recruitment";"Education, Training & Recruitment";"null";"BR";"O Gran Cursos Online surgiu de uma iniciativa dos empresários Gabriel Granjeiro e Rodrigo Calado, que, juntos, somam quase 20 anos de experiência no mercado de concursos públicos.";"https://ui.awin.com/images/upload/merchant/profile/122752.png";"https://www.grancursosonline.com.br/"
"104715";"Animale BR";"5.57098";"96.06";"4.10";"2024-11-06";"green";"none";"69.2072";"yes";"yes";"0";"0";"0";"0";"30";"Retail & Shopping";"Womenswear";"Womenswear";"42";"BR";"Com mais de 30 anos de história, a Animale segue de maneira autêntica e inspiradora movimentando a moda nacional, sempre de olho no futuro. Após refinar sua vocação para a sofisticação, em 2019, com as novas Animale ORO e Animale Jeans, a marca permanece.";"https://ui.awin.com/images/upload/merchant/profile/104715.png";"https://www.animale.com.br/"
"107041";"Hope Resort BR";"6.09411";"68.42";"1.43";"2025-05-28";"green";"none";"59.0268";"yes";"yes";"0";"0";"0";"0";"30";"Retail & Shopping";"Lingerie";"Lingerie";"43";"BR";"Hope Resort é a marca do Grupo HOPE voltada para moda praia e fitness, com peças elegantes, versáteis e confortáveis, pensadas para acompanhar a mulher em todos os momentos.";"https://ui.awin.com/images/upload/merchant/profile/107041.png";"https://www.hoperesort.com.br/"
"120990";"Dark Lab BR";"25.3283";"64.06";"2.56";"2025-12-04";"green";"none";"69.0837";"no";"yes";"0";"0";"0";"0";"30";"";"";"";"58";"BR";"A Dark Lab é uma empresa de suplementos alimentares que busca oferecer produtos de alta qualidade e eficácia para atletas, praticantes de atividades físicas e pessoas que buscam uma vida mais saudável.";"https://ui.awin.com/images/upload/merchant/profile/120990.png";"https://darklabsuplementos.com.br/"
"75408";"Nothingprojector";"1.25434";"15.43";"0.60";"2025-07-15";"green";"none";"14.9257";"yes";"yes";"0";"0";"0";"0";"30";"";"Computers|Electronic Accessories";"Computers";"74";"US";"With extensive involvement in projector and screen development spanning years, our company boasts robust experience and technical prowess, instilling confidence in our partners and customers regarding the stability and reliability of our product";"https://ui.awin.com/images/upload/merchant/profile/75408.png";"https://nothingprojector.com"
"88453";"Wondershare Global Limited";"0.338162";"75.00";"0.06";"2025-08-12";"green";"none";"34.0942";"yes";"yes";"0";"0";"0";"0";"90";"";"Audio Visual|Computers|Music & DVD|B2B Utility Services|Digital TV & Video-on-Demand|Software Downloads|Utilities";"Computers";"80";"US";"Empowered with AI, our software and products are available in over 150 countries worldwide. We are constantly inspired by our users and strive to create simple and easy-to-use software that meets their needs.";"https://ui.awin.com/images/upload/merchant/profile/88453.png";"https://www.wondershare.com"
"23659";"ASICS BR";"2.69795";"93.37";"1.42";"2021-06-28";"green";"none";"44.8546";"yes";"yes";"0";"0";"0";"0";"30";"Retail & Shopping";"Clothing|Clothing Accessories|Sportswear";"Sportswear";"75";"BR";"Todo corredor quer alcançar a vitória, toda vitória tem um ASICS. Aproveite as tecnologias ASICS para ter desempenho, amortecimento e conforto. Há 70 anos no mercado. Maior Amortecimento.";"https://ui.awin.com/images/upload/merchant/profile/23659.png";"https://www.asics.com.br/"
"124204";"Sam's Club BR";"0.973693";"69.03";"0.24";"2026-03-12";"green";"none";"60.0594";"no";"yes";"0";"0";"0";"0";"7";"Retail & Shopping";"Lead Gen";"Lead Gen";"56";"BR";"Sam's Club é uma rede de clubes de compras por associação, oferecendo produtos de alta qualidade a preços competitivos para famílias e pequenos negócios";"https://ui.awin.com/images/upload/merchant/profile/124204.png";"https://sejasocio.samsclub.com.br/index.php/creator-sams"
"122316";"Westwing BR";"6.42939";"78.20";"2.30";"2026-01-14";"amber";"exposurelevel2";"57.8506";"no";"yes";"0";"0";"0";"0";"7";"Retail & Shopping";"Furniture & Soft Furnishings";"Furniture & Soft Furnishings";"87";"BR";"A Westwing é uma marca de e-commerce especializada em Home  Living, reconhecida por sua curadoria de móveis, decoração e acessórios que unem design, funcionalidade e inspiração.";"https://ui.awin.com/images/upload/merchant/profile/122316.png";"https://www.westwing.com.br/"
"102893";"Decor Colors BR";"7.62274";"92.58";"4.15";"2024-10-17";"green";"none";"63.6995";"yes";"no";"0";"0";"0";"0";"30";"Retail & Shopping";"Home & Garden";"Home & Garden";"73";"BR";"Gostamos de dar vida e cor as coisas​!Descubra como a Decor Colors pode ajudar a tornar a sua casa ainda mais acolhedora e moderna, sem a necessidade de grandes reformas.";"https://ui.awin.com/images/upload/merchant/profile/102893.png";"https://loja.decorcolors.com.br/"
"120659";"Promofarma BR";"7.53226";"81.98";"0.66";"2026-01-14";"amber";"exposurelevel2";"55.1558";"no";"yes";"0";"0";"0";"0";"30";"Retail & Shopping";"Pharmaceuticals";"Pharmaceuticals";"67";"BR";"Cuidar da saúde de todos, sempre com atenção e simpatia, proporcionando economia aos nossos clientes e visando o nosso crescimento sustentável de estrutura de lojas, estoques, logística e entrega";"https://ui.awin.com/images/upload/merchant/profile/120659.png";"https://www.promofarma.com.br/"
"47533";"Efacil BR";"6.78972";"91.70";"2.84";"2023-07-04";"green";"none";"68.3377";"yes";"no";"0";"0";"0";"0";"1";"Retail & Shopping";"Electronic Accessories|Gadgets|White Goods";"White Goods";"43";"BR";"A Efácil é uma loja de varejo online que comercializa eletrônicos, celulares, bebidas, móveis, utilidades domésticas e mais.";"https://ui.awin.com/images/upload/merchant/profile/47533.png";"https://www.efacil.com.br/"
"25279";"Brinox Shop BR";"12.5022";"97.81";"2.88";"2021-10-28";"amber";"exposurelevel2";"74.3024";"no";"yes";"0";"0";"0";"0";"30";"Retail & Shopping";"Gifts & Flowers|Green (Eco friendly)|Home & Garden";"Home & Garden";"43";"BR";"Somos a Loja Oficial da marca Brinox.";"https://ui.awin.com/images/upload/merchant/profile/25279.png";"https://www.brinox.com.br"
"17806";"Centauro BR";"1.83781";"80.31";"0.58";"2020-08-31";"green";"none";"38.0375";"yes";"yes";"0";"0";"0";"0";"1";"Retail & Shopping";"Sportswear";"Sportswear";"89";"BR";"Fundada em 1981, a Centauro é maior rede de lojas de produtos esportivos da América Latina.";"https://ui.awin.com/images/upload/merchant/profile/17806.png";"https://www.centauro.com.br/"
"17870";"Cobasi BR";"16.6123";"95.14";"1.81";"2020-08-20";"green";"none";"69.6604";"yes";"yes";"0";"0";"0";"0";"1";"Retail & Shopping";"Home & Garden|Pets & Pet Care";"Pets & Pet Care";"50";"BR";"A Cobasi, presente no mercado físico desde 1985, é uma das principais marcas do segmento pet no Brasil e oferece através do seu e-commerces os melhores produtos do segmento com os melhores preços.";"https://ui.awin.com/images/upload/merchant/profile/17870.png";"https://www.cobasi.com.br/"
"17772";"Brastemp BR";"1.85526";"86.32";"1.36";"2020-08-28";"green";"none";"50.1669";"yes";"yes";"3";"3";"0";"0";"30";"Retail & Shopping";"Department Stores|Electronic Accessories|Electronic Superstore|White Goods";"White Goods";"59";"BR";"Parte do grupo Whirlpool, a Brastemp já nasceu assiiim... uma Brastemp.Autêntica, predestinada a ser diferente, a apontar caminhos, a ditar tendências.";"https://ui.awin.com/images/upload/merchant/profile/17772.png";"https://www.brastemp.com.br"
"29407";"BELEZA NA WEB BR";"1.74797";"92.99";"0.78";"2021-11-09";"green";"none";"0";"yes";"yes";"0";"0";"0";"0";"30";"Retail & Shopping";"Health & Beauty";"Health & Beauty";"43";"BR";"Beleza na Web é um ecommerce para os apaixonados por beleza que conta mais com mais de 250 marcas e promoções exclusivas. Centenas de marcas de prestígio. Produtos de qualidade que realizam pequenos milagres de beleza.";"https://ui.awin.com/images/upload/merchant/profile/29407.png";"https://www.belezanaweb.com.br/"
"18878";"Acer BR";"1.28169";"91.86";"0.96";"2020-06-09";"green";"none";"66.7151";"no";"no";"1.5";"1.5";"0";"0";"7";"Retail & Shopping";"Computers|Electronic Accessories";"Computers";"43";"BR";"Acer é um fornecedor global de computadores, que se classificou em 2º lugar nas vendas de Notebooks, tablets, e outros produtos mundialmente. Está presente no Brasil desde 2009, fornecendo notebooks e tablets ao mercado nacional.";"https://ui.awin.com/images/upload/merchant/profile/18878.png";"https://br-store.acer.com"
"118761";"JBL BR";"";"0.00";"0.00";"2025-10-09";"green";"none";"0";"no";"yes";"0";"0";"0";"0";"1";"Retail & Shopping";"Electronic Accessories|Gadgets";"Gadgets";"48";"BR";"JBL é líder mundial em áudio, reconhecida por suas caixas de som e fones de ouvido que unem potência, inovação e design icônico";"https://ui.awin.com/images/upload/merchant/profile/118761.png";"https://www.jbl.com.br/"
"36382";"Tok & Stok BR";"6.34651";"72.38";"1.90";"2022-11-08";"amber";"exposurelevel2";"53.775";"yes";"yes";"0";"0";"0";"0";"30";"Retail & Shopping";"Furniture & Soft Furnishings|Home & Garden|Office Supplies";"Home & Garden";"77";"BR";"Presente em diversos estados do Brasil, e também no Distrito Federal, com lojas distribuídas em várias cidades brasileiras, a TokStok é referência em móveis e decoração no Brasil com design, produtos exclusivos.";"https://ui.awin.com/images/upload/merchant/profile/36382.png";"https://www.tokstok.com.br/"
"17590";"Fastshop BR";"1.96861";"81.75";"2.31";"2020-05-14";"amber";"exposurelevel2";"48.9847";"yes";"yes";"21";"21";"0";"0";"1";"Retail & Shopping";"Audio Visual|Electronic Accessories|Electronic Superstore|White Goods";"Electronic Superstore";"127";"BR";"Fast Shop é uma rede de lojas que tem como foco Encantar o cliente, por isso as lojas têm design arrojado, ambiente acolhedor e layout ergonômico que oferecem aos consumidores: exposição, experimentação, entretenimento, pós-venda e serviços diferenciados.";"https://ui.awin.com/images/upload/merchant/profile/17590.png";"https://site.fastshop.com.br/"
"24534";"Motorola BR";"2.4667";"93.80";"1.74";"2021-09-22";"green";"none";"64.1854";"yes";"no";"0";"0";"0";"0";"7";"Retail & Shopping";"Electronic Accessories|Electronic Superstore|Gadgets";"Electronic Superstore";"45";"BR";"A Motorola existe para projetar, criar e fornecer inovações significativas para pessoas em todo o mundo, apresentando sempre as melhores tecnologias para transformar a maneira como descobrem, compartilham e se conectam com o mundo ao seu redor.";"https://ui.awin.com/images/upload/merchant/profile/24534.png";"https://www.motorola.com.br/"
"70909";"Plié BR";"10.76";"98.56";"1.80";"2024-02-08";"amber";"exposurelevel2";"81.1989";"yes";"no";"0";"0";"0";"0";"30";"Retail & Shopping";"Lingerie|Womenswear";"Lingerie";"64";"BR";"A Plié é uma marca de lingerie,com foco na modelagem para que funcionem como base perfeita sob a roupa. Sem marcar ou apertar, a Plié modela e valoriza os contornos femininos.";"https://ui.awin.com/images/upload/merchant/profile/70909.png";"https://www.plie.com.br/"
"70066";"Unidas BR";"2.18112";"99.74";"0.88";"2024-01-16";"green";"none";"69.8207";"no";"no";"0";"0";"0";"0";"30";"Travel";"Car Rental";"Car Rental";"45";"BR";"Unidas destaca-se no setor de locação de veículos. Com uma frota diversificada que atende desde necessidades cotidianas até demandas corporativas, a Unidas oferece soluções de mobilidade que combinam qualidade, eficiência e atendimento exemplar.";"https://ui.awin.com/images/upload/merchant/profile/70066.png";"https://www.unidas.com.br/"
"28777";"Magic Feet BR";"5.52068";"83.55";"0.57";"2022-06-06";"amber";"exposurelevel2";"47.8416";"no";"no";"0";"0";"0";"0";"15";"Retail & Shopping";"Shoes";"Shoes";"93";"BR";"Especialistas em calçados infantis, com mais de 45 lojas distribuídas em 8 estados diferentes, estamos presentes nos melhores shoppings e agora também atendemos a você no comércio eletrônico.";"https://ui.awin.com/images/upload/merchant/profile/28777.png";"https://www.magicfeet.com.br/"
"78292";"Webfones BR";"2.49836";"92.42";"0.26";"2024-04-11";"amber";"exposurelevel2";"63.4447";"yes";"no";"0";"0";"0";"0";"7";"Retail & Shopping";"Computers|Electronic Accessories|PC & Video Games|White Goods";"PC & Video Games";"74";"BR";"A Webfones é um e-commerce brasileiro especialista em eletrônicos. Auxiliam no momento mais importante da compra, a decisão correta. Na Webfones, você encontra produtos de qualidade, atendimento especializado com segurança e rapidez na entrega.";"https://ui.awin.com/images/upload/merchant/profile/78292.png";"https://www.webfones.com.br/"
"81383";"Carraro BR";"4.98111";"54.55";"3.19";"2024-08-30";"amber";"exposurelevel2";"63.1792";"yes";"no";"0";"0";"0";"0";"30";"Retail & Shopping";"Furniture & Soft Furnishings";"Furniture & Soft Furnishings";"71";"BR";"Com mais de 60 anos de história e tradição, a Móveis Carraro é reconhecida como uma das principais referências no mercado. Com duas unidades fabris, uma especializada na fabricação de Painéis, é responsável pela produção dos Dormitórios e linha de Cozinha";"https://ui.awin.com/images/upload/merchant/profile/81383.png";"https://loja.carraro.com.br/"
"105615";"Leveros BR";"5.64186";"75.48";"7.18";"2024-11-07";"green";"none";"69.6607";"yes";"yes";"0";"0";"0";"0";"30";"Retail & Shopping";"Home & Garden|White Goods";"White Goods";"42";"BR";"Se é importante para você, é prioridade para nós.Estamos aqui para oferecer o melhor serviço que você já recebeu.";"https://ui.awin.com/images/upload/merchant/profile/105615.png";"https://www.leveros.com.br/"
"124604";"ArmyBR";"8.38628";"91.62";"1.46";"2026-03-02";"amber";"exposurelevel2";"85.0962";"no";"no";"0";"0";"0";"0";"30";"Retail & Shopping";"Clothing|Menswear|Sportswear|Womenswear";"Sportswear";"58";"BR";"A ARMYBR é uma marca brasileira especializada em produtos táticos, outdoor e militares, criada para atender profissionais, aventureiros e entusiastas que buscam qualidade, resistência e alto desempenho. Com foco em inovação, funcionalidade e durabilidade.";"https://ui.awin.com/images/upload/merchant/profile/124604.png";"https://www.armybr.com.br/"
"108628";"FastShop B2B (BR)";"4.41879";"94.96";"3.57";"2024-12-17";"amber";"exposurelevel2";"58.1735";"no";"no";"0";"0";"0";"0";"30";"Retail & Shopping";"Audio Visual|Electronic Accessories|Electronic Superstore|White Goods";"Electronic Superstore";"89";"BR";"Fast Shop é uma rede de lojas que tem como foco Encantar o cliente, por isso as lojas têm design arrojado, ambiente acolhedor e layout ergonômico que oferecem aos consumidores: exposição, experimentação, entretenimento, pós-venda e serviços diferenciados.";"https://ui.awin.com/images/upload/merchant/profile/108628.png";"https://empresas.fastshop.com.br/"
"23524";"Dufrio BR";"3.73034";"66.46";"3.89";"2021-06-07";"green";"none";"55.3601";"yes";"no";"0";"0";"0";"0";"30";"Retail & Shopping";"Electronic Accessories|Home & Garden|White Goods";"White Goods";"42";"BR";"Há 23 anos no mercado, a Refrigeração Dufrio oferece soluções completas em refrigeração e ar condicionado. Comprometida em surpreender os clientes e com a qualidade dos mínimos detalhes, a empresa aposta na personalização dos serviços.";"https://ui.awin.com/images/upload/merchant/profile/23524.png";"https://www.dufrio.com.br/"
"32787";"Lojas taQi BR";"6.52258";"88.85";"1.57";"2022-09-13";"green";"none";"64.6646";"yes";"no";"0";"0";"0";"0";"30";"Retail & Shopping";"Department Stores|White Goods";"Department Stores";"45";"BR";"A taQi é uma empresa especializada no comércio varejo de eletrônicos, eletrônicos, móveis e decoração, ferramentas, informática, construção, entre outras. Um braço do Grupo Herval , a taQi tem lojas físicas em mais de 80 cidades do Rio Grande do Sul.";"https://ui.awin.com/images/upload/merchant/profile/32787.png";"https://www.taqi.com.br/"
"64084";"Extrafarma BR";"6.81091";"90.23";"0.84";"2023-11-21";"green";"none";"58.8318";"no";"yes";"0";"0";"0";"0";"30";"Retail & Shopping";"Health & Beauty|Pharmaceuticals";"Pharmaceuticals";"58";"BR";"A Extrafarma é uma rede de drogarias que se destaca no cenário farmacêutico brasileiro. Possuem uma extensa linha de medicamentos, produtos de higiene pessoal, cosméticos e itens de cuidados para toda a família.";"https://ui.awin.com/images/upload/merchant/profile/64084.png";"https://www.extrafarma.com.br/"
"68224";"Drogal BR";"9.35845";"73.66";"1.08";"2024-06-26";"green";"none";"59.9467";"yes";"no";"0";"0";"0";"0";"30";"Retail & Shopping";"Pharmaceuticals";"Pharmaceuticals";"43";"BR";"Administrada pela terceira geração da família, hoje, a Rede Drogal é uma das mais tradicionais redes de drogarias no interior de São Paulo, que já conquistou clientes de todos os estados do Brasil por meio de seu e-commerce.";"https://ui.awin.com/images/upload/merchant/profile/68224.png";"https://www.drogal.com.br/"
"17631";"Loccitane Au Bresil BR";"3.86217";"95.67";"0.93";"2020-06-10";"green";"none";"70.3387";"yes";"no";"0";"0";"0";"0";"30";"Retail & Shopping";"Health & Beauty";"Health & Beauty";"41";"BR";"L'Occitane au Brésil é uma marca de perfume e fragâncias, pentencente ao grupo L'Occitane.";"https://ui.awin.com/images/upload/merchant/profile/17631.png";"https://br.loccitaneaubresil.com/"
"118923";"Truss BR";"";"0.00";"0.00";"2025-09-02";"green";"none";"0";"yes";"no";"0";"0";"0";"0";"30";"Retail & Shopping";"Health & Beauty";"Health & Beauty";"41";"BR";"Nascida no Brasil e hoje presente em quase 40 países, a TRUSS é sinônimo de excelência em cuidados capilares. Com mais de 20 anos de história, a marca conquistou a confiança de consumidores exigentes e profissionais da beleza.";"https://ui.awin.com/images/upload/merchant/profile/118923.png";"https://www.trussprofessional.com.br"
"122502";"Zupper BR";"4.47166";"75.00";"0.57";"2026-03-24";"amber";"exposurelevel2";"56.279";"no";"yes";"0";"0";"0";"0";"30";"Travel";"Airlines|Hotels & Accommodation|Tourism & Attractions";"Airlines";"null";"BR";"A Zupper Viagens é uma plataforma inovadora que visa proporcionar a melhor experiência de compra para viajantes, oferecendo os melhores preços e um atendimento excepcional, sempre com a essência brasileira presente em cada detalhe.";"https://ui.awin.com/images/upload/merchant/profile/122502.png";"https://www.zupper.com.br/"
"122914";"Vhita BR";"21.3416";"99.93";"4.60";"2026-01-07";"amber";"exposurelevel2";"92.0972";"yes";"yes";"0";"0";"0";"0";"30";"Retail & Shopping";"Health & Beauty|Pharmaceuticals";"Health & Beauty";"56";"BR";"A Vhita é uma marca de suplementos premium focada em fórmulas seguras, puras e eficientes. Trabalha com ingredientes de alta qualidade, certificações internacionais e produtos pensados para resultados reais no dia a dia — energia, foco, saúde e bem-estar.";"https://ui.awin.com/images/upload/merchant/profile/122914.png";"https://www.vhita.com.br"
"17818";"Evino BR";"4.95874";"92.06";"0.82";"2020-08-28";"green";"none";"55.8004";"no";"yes";"0";"0";"1847.84";"1847.84";"1";"Retail & Shopping";"Wine Spirits & Tobacco";"Wine, Spirits & Tobacco";"74";"BR";"A Evino é uma loja de vinhos online que oferece grandes descontos em produtos altamente qualificados. Venha experimentar um novo conceito de degustar o sabor da vida!";"https://ui.awin.com/images/upload/merchant/profile/17818.png";"https://www.evino.com.br"
"17612";"eLens BR";"5.34171";"98.15";"1.30";"2020-05-13";"amber";"exposurelevel2";"71.6377";"yes";"yes";"0";"0";"0";"0";"30";"Retail & Shopping";"Health & Beauty|Pharmaceuticals";"Health & Beauty";"73";"BR";"A e-lens oferece facilidade, rapidez e segurança para adquirir exatamente as lentes de contato e soluções de assepsia receitadas pelo médico oftalmologista.";"https://ui.awin.com/images/upload/merchant/profile/17612.png";"https://www.elens.com.br/"
"120027";"Hugrug.co.uk";"10.1339";"94.45";"0.10";"2025-09-19";"amber";"exposurelevel4";"52.5147";"yes";"no";"0";"0";"0";"0";"30";"Retail & Shopping";"Furniture & Soft Furnishings|Green (Eco friendly)|Home & Garden";"Home & Garden";"113";"GB";"The original creator of the washable rug. Designed for every home, Hug Rug’s collections span environmentally conscious doormats, runners, rugs, bath mats and more – all designed to help reduce plastic waste and support greener living.";"https://ui.awin.com/images/upload/merchant/profile/120027.png";"https://hugrug.co.uk/"
"28775";"Authentic Feet BR";"6.47071";"95.21";"1.60";"2022-06-06";"amber";"exposurelevel2";"56.81";"no";"yes";"0";"0";"0";"0";"15";"Retail & Shopping";"Shoes";"Shoes";"92";"BR";"Nascemos há 25 anos da paixão pelo esporte e estamos sempre acompanhando e oferecendo as principais tendências do globo a todas nossas consumidoras. Somos a principal parceira estratégica dos players globais: Nike, adidas, Puma, Converse dentre outros.";"https://ui.awin.com/images/upload/merchant/profile/28775.png";"https://www.authenticfeet.com.br/"
"18879";"Aliexpress BR & LATAM";"5.97449";"78.56";"0.06";"2020-05-27";"amber";"exposurelevel4";"41.3337";"yes";"no";"2.6";"2.6";"0";"0";"100";"Retail & Shopping";"Department Stores";"Department Stores";"76";"BU";"Um dos maiores ecommerces do mundo, com preços agressivos e excelente promoções. Não perca essa!";"https://ui.awin.com/images/upload/merchant/profile/18879.png";"https://www.aliexpress.com/"
"118977";"Lauri Esporte";"6.73056";"100.00";"7.27";"2025-08-27";"amber";"exposurelevel2";"84.4574";"yes";"no";"0";"0";"0";"0";"30";"Retail & Shopping";"Menswear|Shoes|Sports Equipment|Sportswear|Womenswear";"Shoes";"37";"BR";"Tenha acesso as melhores marcas de tênis em uma loja só, com frete grátis, desconto no pix e cashback! As melhores marcas esportivas estão aqui! 17 anos de loja!";"https://ui.awin.com/images/upload/merchant/profile/118977.png";"https://www.lauriesporte.com.br/"
"123706";"Ouros Jewels";"4.31104";"100.00";"0.90";"2026-02-06";"amber";"exposurelevel2";"69.401";"no";"yes";"0";"0";"0";"0";"30";"";"Childrenswear|Gifts & Flowers|Jewellery|Menswear|Womenswear";"Jewellery";"66";"US";"Ouros Jewels offers affordable lab grown diamond jewelry, including engagement rings and fine jewelry. IGI-certified diamonds, high average order value, global shipping, and 30-day tracking for affiliates.";"https://ui.awin.com/images/upload/merchant/profile/123706.png";"https://ourosjewels.com/"
"17648";"C&A BR";"0.814724";"84.47";"0.59";"2020-05-28";"green";"none";"44.2165";"yes";"yes";"3";"3";"0";"0";"30";"Retail & Shopping";"Childrenswear|Clothing|Clothing Accessories|Menswear|Shoes|Womenswear";"Clothing";"60";"BR";"""Agora você pode também ter uma experiência de moda incrível com a C&A na internet. Acesse nosso novo site, cea.com.br, confira as novidades da nossa loja virtual e abuse da moda"".";"https://ui.awin.com/images/upload/merchant/profile/17648.png";"https://www.cea.com.br"
"126881";"Nutrinixy - AI Calorie Tracker";"";"0.00";"0.00";"2026-05-14";"amber";"exposurelevel1";"0";"no";"no";"0";"0";"0";"0";"30";"";"Health & Beauty|Lead Gen|Business Services (B2B)|Entertainment Downloads|Lead Gen|Mobile Downloads|Mobile Pay As You Go|Software Downloads";"Health & Beauty";"null";"US";"Affiliate Terms: RevShare model with 30% LIFETIME payout. Earn recurring commissions from every subscription and all future renewals made by referred users. GEO: Worldwide (WW).";"https://ui.awin.com/images/upload/merchant/profile/126881.png";"https://nutrinixy.com/"
"90211";"Fast Technology Limited";"1.18601";"27.43";"0.09";"2025-08-05";"green";"none";"19.5405";"yes";"yes";"0";"0";"0";"0";"90";"Retail & Shopping";"Computers";"Computers";"71";"US";"About FastestVPNFastestVPN is one of the leading VPN service providers in the world, allowing users across the globe to anonymously and privately browse the web without restrictions.";"https://ui.awin.com/images/upload/merchant/profile/90211.png";"https://fastestvpn.com"
"32675";"PUMA BR";"2.3663";"83.74";"1.03";"2022-10-25";"green";"none";"64.151";"no";"no";"0";"0";"0";"0";"30";"Retail & Shopping";"Sportswear";"Sportswear";"44";"BR";"A combinação do estilo urbano e esportivo marca presença na Loja Online Oficial da PUMA. A marca não se limita à prática de esportes. Conforto e tecnologia em roupas e calçados que navegam entre o esporte e o casual.";"https://ui.awin.com/images/upload/merchant/profile/32675.png";"https://br.puma.com/"
"100553";"Calvin Klein BR";"11.1888";"97.10";"4.63";"2024-09-16";"green";"none";"75.4905";"yes";"no";"0";"0";"0";"0";"30";"Retail & Shopping";"Clothing";"Clothing";"58";"BR";"DESCRIÇÃOA Calvin Klein é uma das líderes globais dentre as marcas do universo da moda e do lifestyle, com uma história de ideais ousados, não conformistas e que representam tudo que fazemosMODELO DE ATRIBUIÇÃO:  Last Click Awin: transações onde a Awin";"https://ui.awin.com/images/upload/merchant/profile/100553.png";"https://www.calvinklein.com.br/"
"17658";"Natura BR";"1.6371";"83.73";"0.27";"2019-06-29";"green";"none";"56.6744";"yes";"yes";"0";"0";"0.01";"0.01";"7";"Retail & Shopping";"Health & Beauty";"Health & Beauty";"49";"BR";"Natura é uma empresa brasileira que atua no setor de produtos de tratamento para o rosto e o corpo, banho, óleos corporais, perfumaria, cabelos, proteção solar, infantil e higiene oral.";"https://ui.awin.com/images/upload/merchant/profile/17658.png";"https://www.natura.com.br/"
